Mac,Computers,2899.99,50
MacBook Pro 15 inch,Computers,1999.99,100
MacBook Pro 13 inch,Computers,1299.99,100
MacBook,Computers,1199.99,100
MacBook Air,Computers,1299.99,100
Apple Watch 2,Accessories,399.99,75
Apple Watch,Accessories,219.99,30
Apple Watch Leather Band (Black),Accessories,149.99,25
Apple Watch Silicone Band (Blue),Accessories,49.99,15
Apple Watch Screen Protector,Accessories,49.99,25
Iphone 7 (Smoke Grey),Phones,699.99,250
Iphone 7 (Glossy Black),Phones,699.99,250
Iphone 7 (White),Phones,699.99,250
Iphone 6 (Black),Phones,699.99,70
Iphone 6 (White),Phones,699.99,70


